{
  "__inputs": [
    {
      "name": "DS_PROMETHEUS",
      "label": "Prometheus",
      "description": "",
      "type": "datasource",
      "pluginId": "prometheus",
      "pluginName": "Prometheus"
    }
  ],
  "__elements": [],
  "__requires": [
    {
      "type": "panel",
      "id": "bargauge",
      "name": "Bar gauge",
      "version": ""
    },
    {
      "type": "grafana",
      "id": "grafana",
      "name": "Grafana",
      "version": "9.0.0"
    },
    {
      "type": "panel",
      "id": "graph",
      "name": "Graph (old)",
      "version": ""
    },
    {
      "type": "panel",
      "id": "piechart",
      "name": "Pie chart",
      "version": ""
    },
    {
      "type": "datasource",
      "id": "prometheus",
      "name": "Prometheus",
      "version": "1.0.0"
    },
    {
      "type": "panel",
      "id": "stat",
      "name": "Stat",
      "version": ""
    },
    {
      "type": "panel",
      "id": "timeseries",
      "name": "Time series",
      "version": ""
    }
  ],
  "annotations": {
    "list": [
      {
        "builtIn": 1,
        "datasource": {
          "type": "datasource",
          "uid": "grafana"
        },
        "enable": true,
        "hide": true,
        "iconColor": "rgba(0, 211, 255, 1)",
        "name": "Annotations & Alerts",
        "target": {
          "limit": 100,
          "matchAny": false,
          "tags": [],
          "type": "dashboard"
        },
        "type": "dashboard"
      }
    ]
  },
  "description": "MinIO Grafana Dashboard - https://min.io/",
  "editable": true,
  "fiscalYearStartMonth": 0,
  "gnetId": 13502,
  "graphTooltip": 0,
  "id": null,
  "iteration": 1658390817994,
  "links": [
    {
      "icon": "external link",
      "includeVars": true,
      "keepTime": true,
      "tags": [
        "minio"
      ],
      "type": "dashboards"
    }
  ],
  "liveNow": false,
  "panels": [
    {
      "datasource": {
        "type": "prometheus",
        "uid": "${DS_PROMETHEUS}"
      },
      "description": "",
      "fieldConfig": {
        "defaults": {
          "mappings": [
            {
              "options": {
                "match": "null",
                "result": {
                  "text": "N/A"
                }
              },
              "type": "special"
            }
          ],
          "thresholds": {
            "mode": "percentage",
            "steps": [
              {
                "color": "green",
                "value": null
              }
            ]
          },
          "unit": "dtdurations"
        },
        "overrides": []
      },
      "gridPos": {
        "h": 6,
        "w": 3,
        "x": 0,
        "y": 0
      },
      "id": 1,
      "links": [],
      "maxDataPoints": 100,
      "options": {
        "colorMode": "value",
        "graphMode": "none",
        "justifyMode": "auto",
        "orientation": "auto",
        "reduceOptions": {
          "calcs": [
            "mean"
          ],
          "fields": "",
          "values": false
        },
        "text": {},
        "textMode": "auto"
      },
      "pluginVersion": "9.0.0",
      "targets": [
        {
          "exemplar": true,
          "expr": "time() - max(minio_node_process_starttime_seconds{job=\"$scrape_jobs\"})",
          "format": "time_series",
          "instant": true,
          "interval": "",
          "intervalFactor": 1,
          "legendFormat": "{{instance}}",
          "metric": "process_start_time_seconds",
          "refId": "A",
          "step": 60,
          "datasource": {
            "type": "prometheus",
            "uid": "${DS_PROMETHEUS}"
          }
        }
      ],
      "title": "Uptime",
      "type": "stat"
    },
    {
      "datasource": {
        "type": "prometheus",
        "uid": "${DS_PROMETHEUS}"
      },
      "description": "",
      "fieldConfig": {
        "defaults": {
          "mappings": [
            {
              "options": {
                "match": "null",
                "result": {
                  "text": "N/A"
                }
              },
              "type": "special"
            }
          ],
          "thresholds": {
            "mode": "absolute",
            "steps": [
              {
                "color": "green",
                "value": null
              }
            ]
          },
          "unit": "bytes"
        },
        "overrides": []
      },
      "gridPos": {
        "h": 3,
        "w": 3,
        "x": 3,
        "y": 0
      },
      "id": 65,
      "links": [],
      "maxDataPoints": 100,
      "options": {
        "colorMode": "value",
        "graphMode": "area",
        "justifyMode": "auto",
        "orientation": "auto",
        "reduceOptions": {
          "calcs": [
            "last"
          ],
          "fields": "",
          "values": false
        },
        "text": {},
        "textMode": "auto"
      },
      "pluginVersion": "9.0.0",
      "targets": [
        {
          "exemplar": true,
          "expr": "sum by (instance) (minio_s3_traffic_received_bytes{job=\"$scrape_jobs\"})",
          "format": "table",
          "hide": false,
          "instant": false,
          "interval": "",
          "intervalFactor": 1,
          "legendFormat": "{{instance}}",
          "metric": "process_start_time_seconds",
          "refId": "A",
          "step": 60,
          "datasource": {
            "type": "prometheus",
            "uid": "${DS_PROMETHEUS}"
          }
        }
      ],
      "title": "Total S3 Traffic Inbound",
      "type": "stat"
    },
    {
      "datasource": {
        "type": "prometheus",
        "uid": "${DS_PROMETHEUS}"
      },
      "description": "",
      "fieldConfig": {
        "defaults": {
          "color": {
            "mode": "palette-classic"
          },
          "custom": {
            "hideFrom": {
              "legend": false,
              "tooltip": false,
              "viz": false
            }
          },
          "mappings": [
            {
              "options": {
                "match": "null",
                "result": {
                  "text": "N/A"
                }
              },
              "type": "special"
            }
          ],
          "unit": "bytes"
        },
        "overrides": [
          {
            "matcher": {
              "id": "byName",
              "options": "Free"
            },
            "properties": [
              {
                "id": "color",
                "value": {
                  "fixedColor": "green",
                  "mode": "fixed"
                }
              }
            ]
          },
          {
            "matcher": {
              "id": "byName",
              "options": "Used"
            },
            "properties": [
              {
                "id": "color",
                "value": {
                  "fixedColor": "orange",
                  "mode": "fixed"
                }
              }
            ]
          }
        ]
      },
      "gridPos": {
        "h": 6,
        "w": 4,
        "x": 6,
        "y": 0
      },
      "id": 50,
      "interval": "1m",
      "links": [],
      "maxDataPoints": 100,
      "options": {
        "displayLabels": [],
        "legend": {
          "displayMode": "table",
          "placement": "bottom",
          "values": [
            "percent"
          ]
        },
        "pieType": "donut",
        "reduceOptions": {
          "calcs": [
            "lastNotNull"
          ],
          "fields": "",
          "values": false
        },
        "tooltip": {
          "mode": "single",
          "sort": "none"
        }
      },
      "pluginVersion": "8.2.1",
      "targets": [
        {
          "exemplar": true,
          "expr": "topk(1, sum(minio_cluster_capacity_usable_total_bytes{job=\"$scrape_jobs\"}) by (instance)) - topk(1, sum(minio_cluster_capacity_usable_free_bytes{job=\"$scrape_jobs\"}) by (instance))",
          "format": "time_series",
          "instant": false,
          "interval": "1m",
          "intervalFactor": 1,
          "legendFormat": "Used",
          "refId": "A",
          "step": 300,
          "datasource": {
            "type": "prometheus",
            "uid": "${DS_PROMETHEUS}"
          }
        },
        {
          "exemplar": true,
          "expr": "topk(1, sum(minio_cluster_capacity_usable_free_bytes{job=\"$scrape_jobs\"}) by (instance)) ",
          "hide": false,
          "interval": "1m",
          "legendFormat": "Free",
          "refId": "B",
          "datasource": {
            "type": "prometheus",
            "uid": "${DS_PROMETHEUS}"
          }
        }
      ],
      "title": "Capacity",
      "type": "piechart"
    },
    {
      "datasource": {
        "type": "prometheus",
        "uid": "${DS_PROMETHEUS}"
      },
      "fieldConfig": {
        "defaults": {
          "color": {
            "mode": "palette-classic"
          },
          "custom": {
            "axisLabel": "",
            "axisPlacement": "auto",
            "barAlignment": 0,
            "drawStyle": "line",
            "fillOpacity": 10,
            "gradientMode": "none",
            "hideFrom": {
              "legend": false,
              "tooltip": false,
              "viz": false
            },
            "lineInterpolation": "linear",
            "lineWidth": 1,
            "pointSize": 5,
            "scaleDistribution": {
              "type": "linear"
            },
            "showPoints": "never",
            "spanNulls": true,
            "stacking": {
              "group": "A",
              "mode": "none"
            },
            "thresholdsStyle": {
              "mode": "off"
            }
          },
          "mappings": [],
          "thresholds": {
            "mode": "absolute",
            "steps": [
              {
                "color": "green",
                "value": null
              },
              {
                "color": "red",
                "value": 80
              }
            ]
          },
          "unit": "bytes"
        },
        "overrides": [
          {
            "matcher": {
              "id": "byName",
              "options": "Objects"
            },
            "properties": [
              {
                "id": "color",
                "value": {
                  "fixedColor": "blue",
                  "mode": "fixed"
                }
              }
            ]
          },
          {
            "__systemRef": "hideSeriesFrom",
            "matcher": {
              "id": "byNames",
              "options": {
                "mode": "exclude",
                "names": [
                  "Usage"
                ],
                "prefix": "All except:",
                "readOnly": true
              }
            },
            "properties": [
              {
                "id": "custom.hideFrom",
                "value": {
                  "legend": false,
                  "tooltip": false,
                  "viz": true
                }
              }
            ]
          }
        ]
      },
      "gridPos": {
        "h": 6,
        "w": 6,
        "x": 10,
        "y": 0
      },
      "id": 68,
      "options": {
        "legend": {
          "calcs": [],
          "displayMode": "hidden",
          "placement": "bottom"
        },
        "tooltip": {
          "mode": "single",
          "sort": "none"
        }
      },
      "pluginVersion": "8.2.1",
      "targets": [
        {
          "exemplar": true,
	  "expr": "max(sum(minio_bucket_usage_total_bytes{job=\"$scrape_jobs\"}) by (instance,server))",
          "interval": "",
          "legendFormat": "Usage",
          "refId": "A",
          "datasource": {
            "type": "prometheus",
            "uid": "${DS_PROMETHEUS}"
          }
        }
      ],
      "title": "Data Usage Growth",
      "type": "timeseries"
    },
    {
      "datasource": {
        "type": "prometheus",
        "uid": "${DS_PROMETHEUS}"
      },
      "fieldConfig": {
        "defaults": {
          "mappings": [],
          "thresholds": {
            "mode": "absolute",
            "steps": [
              {
                "color": "green",
                "value": null
              },
              {
                "color": "semi-dark-red",
                "value": 80
              }
            ]
          }
        },
        "overrides": []
      },
      "gridPos": {
        "h": 6,
        "w": 5,
        "x": 16,
        "y": 0
      },
      "id": 52,
      "links": [],
      "options": {
        "displayMode": "basic",
        "minVizHeight": 10,
        "minVizWidth": 0,
        "orientation": "horizontal",
        "reduceOptions": {
          "calcs": [
            "mean"
          ],
          "fields": "",
          "values": false
        },
        "showUnfilled": false,
        "text": {}
      },
      "pluginVersion": "9.0.0",
      "targets": [
        {
          "exemplar": true,
          "expr": "max by (range) (sum (minio_bucket_objects_size_distribution{job=\"$scrape_jobs\"}) by (range))",
          "format": "time_series",
          "instant": false,
          "interval": "",
          "intervalFactor": 1,
          "legendFormat": "{{range}}",
          "refId": "A",
          "step": 300,
          "datasource": {
            "type": "prometheus",
            "uid": "${DS_PROMETHEUS}"
          }
        }
      ],
      "title": "Object size distribution",
      "type": "bargauge"
    },
    {
      "datasource": {
        "type": "prometheus",
        "uid": "${DS_PROMETHEUS}"
      },
      "description": "",
      "fieldConfig": {
        "defaults": {
          "mappings": [
            {
              "options": {
                "match": "null",
                "result": {
                  "text": "N/A"
                }
              },
              "type": "special"
            }
          ],
          "thresholds": {
            "mode": "absolute",
            "steps": [
              {
                "color": "green",
                "value": null
              },
              {
                "color": "red",
                "value": 2000
              }
            ]
          },
          "unit": "short"
        },
        "overrides": []
      },
      "gridPos": {
        "h": 3,
        "w": 3,
        "x": 21,
        "y": 0
      },
      "id": 61,
      "links": [],
      "maxDataPoints": 100,
      "options": {
        "colorMode": "value",
        "graphMode": "area",
        "justifyMode": "auto",
        "orientation": "auto",
        "reduceOptions": {
          "calcs": [
            "last"
          ],
          "fields": "",
          "values": false
        },
        "text": {},
        "textMode": "auto"
      },
      "pluginVersion": "9.0.0",
      "targets": [
        {
          "exemplar": true,
          "expr": "sum (minio_node_file_descriptor_open_total{job=\"$scrape_jobs\"})",
          "format": "table",
          "hide": false,
          "instant": false,
          "interval": "",
          "intervalFactor": 1,
          "legendFormat": "",
          "metric": "process_start_time_seconds",
          "refId": "A",
          "step": 60,
          "datasource": {
            "type": "prometheus",
            "uid": "${DS_PROMETHEUS}"
          }
        }
      ],
      "title": "Total Open FDs",
      "type": "stat"
    },
    {
      "datasource": {
        "type": "prometheus",
        "uid": "${DS_PROMETHEUS}"
      },
      "description": "",
      "fieldConfig": {
        "defaults": {
          "mappings": [
            {
              "options": {
                "match": "null",
                "result": {
                  "text": "N/A"
                }
              },
              "type": "special"
            }
          ],
          "thresholds": {
            "mode": "absolute",
            "steps": [
              {
                "color": "green",
                "value": null
              }
            ]
          },
          "unit": "bytes"
        },
        "overrides": []
      },
      "gridPos": {
        "h": 3,
        "w": 3,
        "x": 3,
        "y": 3
      },
      "id": 64,
      "links": [],
      "maxDataPoints": 100,
      "options": {
        "colorMode": "value",
        "graphMode": "area",
        "justifyMode": "auto",
        "orientation": "auto",
        "reduceOptions": {
          "calcs": [
            "last"
          ],
          "fields": "",
          "values": false
        },
        "text": {},
        "textMode": "auto"
      },
      "pluginVersion": "9.0.0",
      "targets": [
        {
          "exemplar": true,
          "expr": "sum by (instance) (minio_s3_traffic_sent_bytes{job=\"$scrape_jobs\"})",
          "format": "table",
          "hide": false,
          "instant": false,
          "interval": "",
          "intervalFactor": 1,
          "legendFormat": "",
          "metric": "process_start_time_seconds",
          "refId": "A",
          "step": 60,
          "datasource": {
            "type": "prometheus",
            "uid": "${DS_PROMETHEUS}"
          }
        }
      ],
      "title": "Total S3 Traffic Outbound",
      "type": "stat"
    },
    {
      "datasource": {
        "type": "prometheus",
        "uid": "${DS_PROMETHEUS}"
      },
      "description": "",
      "fieldConfig": {
        "defaults": {
          "mappings": [
            {
              "options": {
                "match": "null",
                "result": {
                  "text": "N/A"
                }
              },
              "type": "special"
            }
          ],
          "thresholds": {
            "mode": "absolute",
            "steps": [
              {
                "color": "green",
                "value": null
              },
              {
                "color": "red",
                "value": 2000
              }
            ]
          },
          "unit": "short"
        },
        "overrides": []
      },
      "gridPos": {
        "h": 3,
        "w": 3,
        "x": 21,
        "y": 3
      },
      "id": 62,
      "links": [],
      "maxDataPoints": 100,
      "options": {
        "colorMode": "value",
        "graphMode": "area",
        "justifyMode": "auto",
        "orientation": "auto",
        "reduceOptions": {
          "calcs": [
            "last"
          ],
          "fields": "",
          "values": false
        },
        "text": {},
        "textMode": "auto"
      },
      "pluginVersion": "9.0.0",
      "targets": [
        {
          "exemplar": true,
          "expr": "sum without (server,instance) (minio_node_go_routine_total{job=\"$scrape_jobs\"})",
          "format": "table",
          "hide": false,
          "instant": false,
          "interval": "",
          "intervalFactor": 1,
          "legendFormat": "",
          "metric": "process_start_time_seconds",
          "refId": "A",
          "step": 60,
          "datasource": {
            "type": "prometheus",
            "uid": "${DS_PROMETHEUS}"
          }
        }
      ],
      "title": "Total Goroutines",
      "type": "stat"
    },
    {
      "datasource": {
        "type": "prometheus",
        "uid": "${DS_PROMETHEUS}"
      },
      "description": "",
      "fieldConfig": {
        "defaults": {
          "mappings": [
            {
              "options": {
                "match": "null",
                "result": {
                  "text": "N/A"
                }
              },
              "type": "special"
            }
          ],
          "thresholds": {
            "mode": "absolute",
            "steps": [
              {
                "color": "green",
                "value": null
              },
              {
                "color": "red",
                "value": 80
              }
            ]
          },
          "unit": "short"
        },
        "overrides": []
      },
      "gridPos": {
        "h": 2,
        "w": 3,
        "x": 0,
        "y": 6
      },
      "id": 53,
      "links": [],
      "maxDataPoints": 100,
      "options": {
        "colorMode": "value",
        "graphMode": "area",
        "justifyMode": "auto",
        "orientation": "auto",
        "reduceOptions": {
          "calcs": [
            "mean"
          ],
          "fields": "",
          "values": false
        },
        "text": {},
        "textMode": "auto"
      },
      "pluginVersion": "9.0.0",
      "targets": [
        {
          "exemplar": true,
          "expr": "minio_cluster_nodes_online_total{job=\"$scrape_jobs\"}",
          "format": "table",
          "hide": false,
          "instant": true,
          "interval": "",
          "intervalFactor": 1,
          "legendFormat": "",
          "metric": "process_start_time_seconds",
          "refId": "A",
          "step": 60,
          "datasource": {
            "type": "prometheus",
            "uid": "${DS_PROMETHEUS}"
          }
        }
      ],
      "title": "Total Online Servers",
      "type": "stat"
    },
    {
      "datasource": {
        "type": "prometheus",
        "uid": "${DS_PROMETHEUS}"
      },
      "description": "",
      "fieldConfig": {
        "defaults": {
          "mappings": [
            {
              "options": {
                "match": "null",
                "result": {
                  "text": "N/A"
                }
              },
              "type": "special"
            }
          ],
          "thresholds": {
            "mode": "absolute",
            "steps": [
              {
                "color": "green",
                "value": null
              },
              {
                "color": "red",
                "value": 80
              }
            ]
          },
          "unit": "short"
        },
        "overrides": []
      },
      "gridPos": {
        "h": 2,
        "w": 3,
        "x": 3,
        "y": 6
      },
      "id": 9,
      "links": [],
      "maxDataPoints": 100,
      "options": {
        "colorMode": "value",
        "graphMode": "area",
        "justifyMode": "auto",
        "orientation": "auto",
        "reduceOptions": {
          "calcs": [
            "mean"
          ],
          "fields": "",
          "values": false
        },
        "text": {},
        "textMode": "auto"
      },
      "pluginVersion": "9.0.0",
      "targets": [
        {
          "exemplar": true,
          "expr": "minio_cluster_disk_online_total{job=\"$scrape_jobs\"}",
          "format": "table",
          "hide": false,
          "instant": true,
          "interval": "",
          "intervalFactor": 1,
          "legendFormat": "Total online disks in MinIO Cluster",
          "metric": "process_start_time_seconds",
          "refId": "A",
          "step": 60,
          "datasource": {
            "type": "prometheus",
            "uid": "${DS_PROMETHEUS}"
          }
        }
      ],
      "title": "Total Online Disks",
      "type": "stat"
    },
    {
      "datasource": {
        "type": "prometheus",
        "uid": "${DS_PROMETHEUS}"
      },
      "fieldConfig": {
        "defaults": {
          "mappings": [
            {
              "options": {
                "match": "null",
                "result": {
                  "text": "N/A"
                }
              },
              "type": "special"
            }
          ],
          "thresholds": {
            "mode": "absolute",
            "steps": [
              {
                "color": "green",
                "value": null
              },
              {
                "color": "dark-yellow",
                "value": 75000000
              },
              {
                "color": "dark-red",
                "value": 100000000
              }
            ]
          },
          "unit": "short"
        },
        "overrides": []
      },
      "gridPos": {
        "h": 3,
        "w": 3,
        "x": 6,
        "y": 6
      },
      "id": 66,
      "links": [],
      "maxDataPoints": 100,
      "options": {
        "colorMode": "value",
        "graphMode": "area",
        "justifyMode": "auto",
        "orientation": "horizontal",
        "reduceOptions": {
          "calcs": [
            "lastNotNull"
          ],
          "fields": "",
          "values": false
        },
        "text": {},
        "textMode": "auto"
      },
      "pluginVersion": "9.0.0",
      "targets": [
        {
          "exemplar": true,
          "expr": "count(count by (bucket) (minio_bucket_usage_total_bytes{job=\"$scrape_jobs\"}))",
          "format": "time_series",
          "instant": false,
          "interval": "1m",
          "intervalFactor": 1,
          "legendFormat": "",
          "refId": "A",
          "datasource": {
            "type": "prometheus",
            "uid": "${DS_PROMETHEUS}"
          }
        }
      ],
      "title": "Number of Buckets",
      "type": "stat"
    },
    {
      "aliasColors": {
        "S3 Errors": "light-red",
        "S3 Requests": "light-green"
      },
      "bars": false,
      "dashLength": 10,
      "dashes": false,
      "datasource": {
        "type": "prometheus",
        "uid": "${DS_PROMETHEUS}"
      },
      "fill": 1,
      "fillGradient": 0,
      "gridPos": {
        "h": 6,
        "w": 7,
        "x": 9,
        "y": 6
      },
      "hiddenSeries": false,
      "id": 63,
      "legend": {
        "avg": false,
        "current": false,
        "max": false,
        "min": false,
        "show": true,
        "total": false,
        "values": false
      },
      "lines": true,
      "linewidth": 1,
      "nullPointMode": "null",
      "options": {
        "alertThreshold": true
      },
      "percentage": false,
      "pluginVersion": "9.0.0",
      "pointradius": 2,
      "points": false,
      "renderer": "flot",
      "seriesOverrides": [],
      "spaceLength": 10,
      "stack": false,
      "steppedLine": false,
      "targets": [
        {
          "exemplar": true,
          "expr": "sum by (server) (rate(minio_s3_traffic_received_bytes{job=\"$scrape_jobs\"}[$__rate_interval]))",
          "interval": "1m",
          "intervalFactor": 2,
          "legendFormat": "Data Received [{{server}}]",
          "refId": "A",
          "datasource": {
            "type": "prometheus",
            "uid": "${DS_PROMETHEUS}"
          }
        }
      ],
      "thresholds": [],
      "timeRegions": [],
      "title": "S3 API Data Received Rate ",
      "tooltip": {
        "shared": true,
        "sort": 0,
        "value_type": "individual"
      },
      "type": "graph",
      "xaxis": {
        "mode": "time",
        "show": true,
        "values": []
      },
      "yaxes": [
        {
          "$$hashKey": "object:331",
          "format": "bytes",
          "logBase": 1,
          "show": true
        },
        {
          "$$hashKey": "object:332",
          "format": "short",
          "logBase": 1,
          "show": false
        }
      ],
      "yaxis": {
        "align": false
      }
    },
    {
      "aliasColors": {
        "S3 Errors": "light-red",
        "S3 Requests": "light-green"
      },
      "bars": false,
      "dashLength": 10,
      "dashes": false,
      "datasource": {
        "type": "prometheus",
        "uid": "${DS_PROMETHEUS}"
      },
      "fill": 1,
      "fillGradient": 0,
      "gridPos": {
        "h": 6,
        "w": 8,
        "x": 16,
        "y": 6
      },
      "hiddenSeries": false,
      "id": 70,
      "legend": {
        "avg": false,
        "current": false,
        "max": false,
        "min": false,
        "show": true,
        "total": false,
        "values": false
      },
      "lines": true,
      "linewidth": 1,
      "nullPointMode": "null",
      "options": {
        "alertThreshold": true
      },
      "percentage": false,
      "pluginVersion": "9.0.0",
      "pointradius": 2,
      "points": false,
      "renderer": "flot",
      "seriesOverrides": [],
      "spaceLength": 10,
      "stack": false,
      "steppedLine": false,
      "targets": [
        {
          "exemplar": true,
          "expr": "sum by (server) (rate(minio_s3_traffic_sent_bytes{job=\"$scrape_jobs\"}[$__rate_interval]))",
          "interval": "1m",
          "intervalFactor": 2,
          "legendFormat": "Data Sent [{{server}}]",
          "refId": "A",
          "datasource": {
            "type": "prometheus",
            "uid": "${DS_PROMETHEUS}"
          }
        }
      ],
      "thresholds": [],
      "timeRegions": [],
      "title": "S3 API Data Sent Rate ",
      "tooltip": {
        "shared": true,
        "sort": 0,
        "value_type": "individual"
      },
      "type": "graph",
      "xaxis": {
        "mode": "time",
        "show": true,
        "values": []
      },
      "yaxes": [
        {
          "$$hashKey": "object:331",
          "format": "bytes",
          "logBase": 1,
          "show": true
        },
        {
          "$$hashKey": "object:332",
          "format": "short",
          "logBase": 1,
          "show": false
        }
      ],
      "yaxis": {
        "align": false
      }
    },
    {
      "datasource": {
        "type": "prometheus",
        "uid": "${DS_PROMETHEUS}"
      },
      "description": "",
      "fieldConfig": {
        "defaults": {
          "mappings": [
            {
              "options": {
                "match": "null",
                "result": {
                  "text": "N/A"
                }
              },
              "type": "special"
            }
          ],
          "thresholds": {
            "mode": "absolute",
            "steps": [
              {
                "color": "green",
                "value": null
              },
              {
                "color": "red",
                "value": 80
              }
            ]
          },
          "unit": "short"
        },
        "overrides": []
      },
      "gridPos": {
        "h": 2,
        "w": 3,
        "x": 0,
        "y": 8
      },
      "id": 69,
      "links": [],
      "maxDataPoints": 100,
      "options": {
        "colorMode": "value",
        "graphMode": "area",
        "justifyMode": "auto",
        "orientation": "auto",
        "reduceOptions": {
          "calcs": [
            "mean"
          ],
          "fields": "",
          "values": false
        },
        "text": {},
        "textMode": "auto"
      },
      "pluginVersion": "9.0.0",
      "targets": [
        {
          "exemplar": true,
          "expr": "minio_cluster_nodes_offline_total{job=\"$scrape_jobs\"}",
          "format": "table",
          "hide": false,
          "instant": true,
          "interval": "",
          "intervalFactor": 1,
          "legendFormat": "",
          "metric": "process_start_time_seconds",
          "refId": "A",
          "step": 60,
          "datasource": {
            "type": "prometheus",
            "uid": "${DS_PROMETHEUS}"
          }
        }
      ],
      "title": "Total Offline Servers",
      "type": "stat"
    },
    {
      "datasource": {
        "type": "prometheus",
        "uid": "${DS_PROMETHEUS}"
      },
      "description": "",
      "fieldConfig": {
        "defaults": {
          "mappings": [
            {
              "options": {
                "match": "null",
                "result": {
                  "text": "N/A"
                }
              },
              "type": "special"
            }
          ],
          "thresholds": {
            "mode": "absolute",
            "steps": [
              {
                "color": "green",
                "value": null
              },
              {
                "color": "red",
                "value": 80
              }
            ]
          },
          "unit": "short"
        },
        "overrides": []
      },
      "gridPos": {
        "h": 2,
        "w": 3,
        "x": 3,
        "y": 8
      },
      "id": 78,
      "links": [],
      "maxDataPoints": 100,
      "options": {
        "colorMode": "value",
        "graphMode": "area",
        "justifyMode": "auto",
        "orientation": "auto",
        "reduceOptions": {
          "calcs": [
            "mean"
          ],
          "fields": "",
          "values": false
        },
        "text": {},
        "textMode": "auto"
      },
      "pluginVersion": "9.0.0",
      "targets": [
        {
          "exemplar": true,
          "expr": "minio_cluster_disk_offline_total{job=\"$scrape_jobs\"}",
          "format": "table",
          "hide": false,
          "instant": true,
          "interval": "",
          "intervalFactor": 1,
          "legendFormat": "",
          "metric": "process_start_time_seconds",
          "refId": "A",
          "step": 60,
          "datasource": {
            "type": "prometheus",
            "uid": "${DS_PROMETHEUS}"
          }
        }
      ],
      "title": "Total Offline Disks",
      "type": "stat"
    },
    {
      "datasource": {
        "type": "prometheus",
        "uid": "${DS_PROMETHEUS}"
      },
      "fieldConfig": {
        "defaults": {
          "mappings": [
            {
              "options": {
                "match": "null",
                "result": {
                  "text": "N/A"
                }
              },
              "type": "special"
            }
          ],
          "thresholds": {
            "mode": "absolute",
            "steps": [
              {
                "color": "green",
                "value": null
              },
              {
                "color": "dark-yellow",
                "value": 75000000
              },
              {
                "color": "dark-red",
                "value": 100000000
              }
            ]
          },
          "unit": "short"
        },
        "overrides": []
      },
      "gridPos": {
        "h": 3,
        "w": 3,
        "x": 6,
        "y": 9
      },
      "id": 44,
      "links": [],
      "maxDataPoints": 100,
      "options": {
        "colorMode": "value",
        "graphMode": "area",
        "justifyMode": "auto",
        "orientation": "horizontal",
        "reduceOptions": {
          "calcs": [
            "lastNotNull"
          ],
          "fields": "",
          "values": false
        },
        "text": {},
        "textMode": "auto"
      },
      "pluginVersion": "9.0.0",
      "targets": [
        {
          "exemplar": true,
          "expr": "topk(1, sum(minio_bucket_usage_object_total{job=\"$scrape_jobs\"}) by (instance))",
          "format": "time_series",
          "instant": false,
          "interval": "1m",
          "intervalFactor": 1,
          "legendFormat": "",
          "refId": "A",
          "datasource": {
            "type": "prometheus",
            "uid": "${DS_PROMETHEUS}"
          }
        }
      ],
      "title": "Number of Objects",
      "type": "stat"
    },
    {
      "datasource": {
        "type": "prometheus",
        "uid": "${DS_PROMETHEUS}"
      },
      "description": "",
      "fieldConfig": {
        "defaults": {
          "color": {
            "mode": "thresholds"
          },
          "mappings": [],
          "thresholds": {
            "mode": "absolute",
            "steps": [
              {
                "color": "green",
                "value": null
              }
            ]
          },
          "unit": "ns"
        },
        "overrides": []
      },
      "gridPos": {
        "h": 2,
        "w": 3,
        "x": 0,
        "y": 10
      },
      "id": 80,
      "links": [],
      "maxDataPoints": 100,
      "options": {
        "colorMode": "value",
        "graphMode": "none",
        "justifyMode": "auto",
        "orientation": "auto",
        "reduceOptions": {
          "calcs": [
            "last"
          ],
          "fields": "",
          "values": false
        },
        "text": {},
        "textMode": "auto"
      },
      "pluginVersion": "9.0.0",
      "targets": [
        {
          "exemplar": true,
          "expr": "minio_heal_time_last_activity_nano_seconds{job=\"$scrape_jobs\"}",
          "format": "time_series",
          "instant": true,
          "interval": "",
          "intervalFactor": 1,
          "legendFormat": "{{server}}",
          "metric": "process_start_time_seconds",
          "refId": "A",
          "step": 60,
          "datasource": {
            "type": "prometheus",
            "uid": "${DS_PROMETHEUS}"
          }
        }
      ],
      "title": "Time Since Last Heal Activity",
      "type": "stat"
    },
    {
      "datasource": {
        "type": "prometheus",
        "uid": "${DS_PROMETHEUS}"
      },
      "description": "",
      "fieldConfig": {
        "defaults": {
          "color": {
            "mode": "thresholds"
          },
          "mappings": [],
          "thresholds": {
            "mode": "absolute",
            "steps": [
              {
                "color": "green",
                "value": null
              }
            ]
          },
          "unit": "ns"
        },
        "overrides": []
      },
      "gridPos": {
        "h": 2,
        "w": 3,
        "x": 3,
        "y": 10
      },
      "id": 81,
      "links": [],
      "maxDataPoints": 100,
      "options": {
        "colorMode": "value",
        "graphMode": "none",
        "justifyMode": "auto",
        "orientation": "auto",
        "reduceOptions": {
          "calcs": [
            "last"
          ],
          "fields": "",
          "values": false
        },
        "text": {},
        "textMode": "auto"
      },
      "pluginVersion": "9.0.0",
      "targets": [
        {
          "exemplar": true,
          "expr": "minio_usage_last_activity_nano_seconds{job=\"$scrape_jobs\"}",
          "format": "time_series",
          "instant": true,
          "interval": "",
          "intervalFactor": 1,
          "legendFormat": "{{server}}",
          "metric": "process_start_time_seconds",
          "refId": "A",
          "step": 60,
          "datasource": {
            "type": "prometheus",
            "uid": "${DS_PROMETHEUS}"
          }
        }
      ],
      "title": "Time Since Last Scan Activity",
      "type": "stat"
    },
    {
      "aliasColors": {
        "S3 Errors": "light-red",
        "S3 Requests": "light-green"
      },
      "bars": false,
      "dashLength": 10,
      "dashes": false,
      "datasource": {
        "type": "prometheus",
        "uid": "${DS_PROMETHEUS}"
      },
      "fill": 1,
      "fillGradient": 0,
      "gridPos": {
        "h": 10,
        "w": 12,
        "x": 0,
        "y": 12
      },
      "hiddenSeries": false,
      "id": 60,
      "legend": {
        "avg": false,
        "current": false,
        "max": false,
        "min": false,
        "show": true,
        "total": false,
        "values": false
      },
      "lines": true,
      "linewidth": 1,
      "nullPointMode": "null",
      "options": {
        "alertThreshold": true
      },
      "percentage": false,
      "pluginVersion": "9.0.0",
      "pointradius": 2,
      "points": false,
      "renderer": "flot",
      "seriesOverrides": [],
      "spaceLength": 10,
      "stack": false,
      "steppedLine": false,
      "targets": [
        {
          "exemplar": true,
          "expr": "sum by (server,api) (increase(minio_s3_requests_total{job=\"$scrape_jobs\"}[$__rate_interval]))",
          "interval": "1m",
          "intervalFactor": 2,
          "legendFormat": "{{server,api}}",
          "refId": "A",
          "datasource": {
            "type": "prometheus",
            "uid": "${DS_PROMETHEUS}"
          }
        }
      ],
      "thresholds": [],
      "timeRegions": [],
      "title": "S3 API Request Rate",
      "tooltip": {
        "shared": true,
        "sort": 0,
        "value_type": "individual"
      },
      "type": "graph",
      "xaxis": {
        "mode": "time",
        "show": true,
        "values": []
      },
      "yaxes": [
        {
          "$$hashKey": "object:331",
          "format": "none",
          "logBase": 1,
          "show": true
        },
        {
          "$$hashKey": "object:332",
          "format": "short",
          "logBase": 1,
          "show": false
        }
      ],
      "yaxis": {
        "align": false
      }
    },
    {
      "aliasColors": {
        "S3 Errors": "light-red",
        "S3 Requests": "light-green"
      },
      "bars": false,
      "dashLength": 10,
      "dashes": false,
      "datasource": {
        "type": "prometheus",
        "uid": "${DS_PROMETHEUS}"
      },
      "fill": 1,
      "fillGradient": 0,
      "gridPos": {
        "h": 10,
        "w": 12,
        "x": 12,
        "y": 12
      },
      "hiddenSeries": false,
      "id": 71,
      "legend": {
        "avg": false,
        "current": false,
        "max": false,
        "min": false,
        "show": true,
        "total": false,
        "values": false
      },
      "lines": true,
      "linewidth": 1,
      "nullPointMode": "null",
      "options": {
        "alertThreshold": true
      },
      "percentage": false,
      "pluginVersion": "9.0.0",
      "pointradius": 2,
      "points": false,
      "renderer": "flot",
      "seriesOverrides": [],
      "spaceLength": 10,
      "stack": false,
      "steppedLine": false,
      "targets": [
        {
          "exemplar": true,
          "expr": "sum by (server,api) (increase(minio_s3_requests_errors_total{job=\"$scrape_jobs\"}[$__rate_interval]))",
          "interval": "1m",
          "intervalFactor": 2,
          "legendFormat": "{{server,api}}",
          "refId": "A",
          "datasource": {
            "type": "prometheus",
            "uid": "${DS_PROMETHEUS}"
          }
        }
      ],
      "thresholds": [],
      "timeRegions": [],
      "title": "S3 API Request Error Rate",
      "tooltip": {
        "shared": true,
        "sort": 0,
        "value_type": "individual"
      },
      "type": "graph",
      "xaxis": {
        "mode": "time",
        "show": true,
        "values": []
      },
      "yaxes": [
        {
          "$$hashKey": "object:331",
          "format": "none",
          "logBase": 1,
          "show": true
        },
        {
          "$$hashKey": "object:332",
          "format": "short",
          "logBase": 1,
          "show": false
        }
      ],
      "yaxis": {
        "align": false
      }
    },
    {
      "datasource": {
        "type": "prometheus",
        "uid": "${DS_PROMETHEUS}"
      },
      "description": "Total s3 bytes sent per bucket",
      "fieldConfig": {
        "defaults": {
          "color": {
            "mode": "palette-classic"
          },
          "custom": {
            "axisLabel": "",
            "axisPlacement": "auto",
            "barAlignment": 0,
            "drawStyle": "line",
            "fillOpacity": 5,
            "gradientMode": "none",
            "hideFrom": {
              "legend": false,
              "tooltip": false,
              "viz": false
            },
            "lineInterpolation": "smooth",
            "lineWidth": 1,
            "pointSize": 2,
            "scaleDistribution": {
              "type": "linear"
            },
            "showPoints": "auto",
            "spanNulls": true,
            "stacking": {
              "group": "A",
              "mode": "none"
            },
            "thresholdsStyle": {
              "mode": "off"
            }
          },
          "mappings": [],
          "thresholds": {
            "mode": "absolute",
            "steps": [
              {
                "color": "green",
                "value": null
              },
              {
                "color": "red",
                "value": 80
              }
            ]
          },
          "unit": "decbytes"
        },
        "overrides": []
      },
      "gridPos": {
        "h": 10,
        "w": 12,
        "x": 0,
        "y": 22
      },
      "id": 90,
      "options": {
        "legend": {
          "calcs": [
            "min",
            "max",
            "mean"
          ],
          "displayMode": "table",
          "placement": "right",
          "sortBy": "Max",
          "sortDesc": true
        },
        "tooltip": {
          "mode": "multi",
          "sort": "none"
        }
      },
      "targets": [
        {
          "datasource": {
            "type": "prometheus",
            "uid": "${DS_PROMETHEUS}"
          },
          "editorMode": "builder",
          "expr": "sum by(bucket) (minio_bucket_traffic_sent_bytes{job=\"$scrape_jobs\"})",
          "legendFormat": "__auto",
          "range": true,
          "refId": "A"
        }
      ],
      "title": "Bucket Traffic Sent",
      "type": "timeseries"
    },
    {
      "datasource": {
        "type": "prometheus",
        "uid": "${DS_PROMETHEUS}"
      },
      "description": "Total s3 bytes received per bucket",
      "fieldConfig": {
        "defaults": {
          "color": {
            "mode": "palette-classic"
          },
          "custom": {
            "axisLabel": "",
            "axisPlacement": "auto",
            "barAlignment": 0,
            "drawStyle": "line",
            "fillOpacity": 5,
            "gradientMode": "none",
            "hideFrom": {
              "legend": false,
              "tooltip": false,
              "viz": false
            },
            "lineInterpolation": "smooth",
            "lineWidth": 1,
            "pointSize": 2,
            "scaleDistribution": {
              "type": "linear"
            },
            "showPoints": "always",
            "spanNulls": true,
            "stacking": {
              "group": "A",
              "mode": "none"
            },
            "thresholdsStyle": {
              "mode": "off"
            }
          },
          "mappings": [],
          "thresholds": {
            "mode": "absolute",
            "steps": [
              {
                "color": "green",
                "value": null
              },
              {
                "color": "red",
                "value": 80
              }
            ]
          },
          "unit": "decbytes"
        },
        "overrides": []
      },
      "gridPos": {
        "h": 10,
        "w": 12,
        "x": 12,
        "y": 22
      },
      "id": 92,
      "options": {
        "legend": {
          "calcs": [
            "min",
            "max",
            "mean"
          ],
          "displayMode": "table",
          "placement": "right"
        },
        "tooltip": {
          "mode": "multi",
          "sort": "none"
        }
      },
      "targets": [
        {
          "datasource": {
            "type": "prometheus",
            "uid": "${DS_PROMETHEUS}"
          },
          "editorMode": "builder",
          "expr": "sum by(bucket) (minio_bucket_traffic_received_bytes{job=\"$scrape_jobs\"})",
          "legendFormat": "__auto",
          "range": true,
          "refId": "A"
        }
      ],
      "title": "Bucket Traffic Received",
      "type": "timeseries"
    },
    {
      "aliasColors": {
        "S3 Errors": "light-red",
        "S3 Requests": "light-green"
      },
      "bars": false,
      "dashLength": 10,
      "dashes": false,
      "datasource": {
        "type": "prometheus",
        "uid": "${DS_PROMETHEUS}"
      },
      "fill": 1,
      "fillGradient": 0,
      "gridPos": {
        "h": 10,
        "w": 12,
        "x": 0,
        "y": 32
      },
      "hiddenSeries": false,
      "id": 86,
      "legend": {
        "avg": false,
        "current": false,
        "max": false,
        "min": false,
        "show": true,
        "total": false,
        "values": false
      },
      "lines": true,
      "linewidth": 1,
      "nullPointMode": "null",
      "options": {
        "alertThreshold": true
      },
      "percentage": false,
      "pluginVersion": "9.0.0",
      "pointradius": 2,
      "points": false,
      "renderer": "flot",
      "seriesOverrides": [],
      "spaceLength": 10,
      "stack": false,
      "steppedLine": false,
      "targets": [
        {
          "exemplar": true,
          "expr": "sum by (server,api) (increase(minio_s3_requests_5xx_errors_total{job=\"$scrape_jobs\"}[$__rate_interval]))",
          "interval": "1m",
          "intervalFactor": 2,
          "legendFormat": "{{server,api}}",
          "refId": "A",
          "datasource": {
            "type": "prometheus",
            "uid": "${DS_PROMETHEUS}"
          }
        }
      ],
      "thresholds": [],
      "timeRegions": [],
      "title": "S3 API Request Error Rate (5xx)",
      "tooltip": {
        "shared": true,
        "sort": 0,
        "value_type": "individual"
      },
      "type": "graph",
      "xaxis": {
        "mode": "time",
        "show": true,
        "values": []
      },
      "yaxes": [
        {
          "$$hashKey": "object:331",
          "format": "none",
          "logBase": 1,
          "show": true
        },
        {
          "$$hashKey": "object:332",
          "format": "short",
          "logBase": 1,
          "show": false
        }
      ],
      "yaxis": {
        "align": false
      }
    },
    {
      "aliasColors": {
        "S3 Errors": "light-red",
        "S3 Requests": "light-green"
      },
      "bars": false,
      "dashLength": 10,
      "dashes": false,
      "datasource": {
        "type": "prometheus",
        "uid": "${DS_PROMETHEUS}"
      },
      "fill": 1,
      "fillGradient": 0,
      "gridPos": {
        "h": 10,
        "w": 12,
        "x": 12,
        "y": 32
      },
      "hiddenSeries": false,
      "id": 88,
      "legend": {
        "avg": false,
        "current": false,
        "max": false,
        "min": false,
        "show": true,
        "total": false,
        "values": false
      },
      "lines": true,
      "linewidth": 1,
      "nullPointMode": "null",
      "options": {
        "alertThreshold": true
      },
      "percentage": false,
      "pluginVersion": "9.0.0",
      "pointradius": 2,
      "points": false,
      "renderer": "flot",
      "seriesOverrides": [],
      "spaceLength": 10,
      "stack": false,
      "steppedLine": false,
      "targets": [
        {
          "exemplar": true,
          "expr": "sum by (server,api) (increase(minio_s3_requests_4xx_errors_total{job=\"$scrape_jobs\"}[$__rate_interval]))",
          "interval": "1m",
          "intervalFactor": 2,
          "legendFormat": "{{server,api}}",
          "refId": "A",
          "datasource": {
            "type": "prometheus",
            "uid": "${DS_PROMETHEUS}"
          }
        }
      ],
      "thresholds": [],
      "timeRegions": [],
      "title": "S3 API Request Error Rate (4xx)",
      "tooltip": {
        "shared": true,
        "sort": 0,
        "value_type": "individual"
      },
      "type": "graph",
      "xaxis": {
        "mode": "time",
        "show": true,
        "values": []
      },
      "yaxes": [
        {
          "$$hashKey": "object:331",
          "format": "none",
          "logBase": 1,
          "show": true
        },
        {
          "$$hashKey": "object:332",
          "format": "short",
          "logBase": 1,
          "show": false
        }
      ],
      "yaxis": {
        "align": false
      }
    },
    {
      "aliasColors": {
        "10.13.1.25:9000 DELETE": "red",
        "10.13.1.25:9000 GET": "green",
        "10.13.1.25:9000 POST": "blue"
      },
      "bars": true,
      "dashLength": 10,
      "dashes": false,
      "datasource": {
        "type": "prometheus",
        "uid": "${DS_PROMETHEUS}"
      },
      "description": "Total number of bytes received and sent among all MinIO server instances",
      "fieldConfig": {
        "defaults": {
          "links": []
        },
        "overrides": []
      },
      "fill": 10,
      "fillGradient": 1,
      "gridPos": {
        "h": 9,
        "w": 12,
        "x": 0,
        "y": 42
      },
      "hiddenSeries": false,
      "id": 17,
      "legend": {
        "avg": false,
        "current": false,
        "max": false,
        "min": false,
        "rightSide": false,
        "show": true,
        "total": false,
        "values": false
      },
      "lines": true,
      "linewidth": 1,
      "links": [],
      "nullPointMode": "null",
      "options": {
        "alertThreshold": true
      },
      "percentage": false,
      "pluginVersion": "9.0.0",
      "pointradius": 5,
      "points": false,
      "renderer": "flot",
      "seriesOverrides": [],
      "spaceLength": 10,
      "stack": false,
      "steppedLine": false,
      "targets": [
        {
          "exemplar": true,
          "expr": "rate(minio_inter_node_traffic_sent_bytes{job=\"$scrape_jobs\"}[$__rate_interval])",
          "format": "time_series",
          "interval": "",
          "intervalFactor": 2,
          "legendFormat": "Internode Bytes Received [{{server}}]",
          "metric": "minio_http_requests_duration_seconds_count",
          "refId": "A",
          "step": 4,
          "datasource": {
            "type": "prometheus",
            "uid": "${DS_PROMETHEUS}"
          }
        },
        {
          "exemplar": true,
          "expr": "rate(minio_inter_node_traffic_received_bytes{job=\"$scrape_jobs\"}[$__rate_interval])",
          "interval": "",
          "legendFormat": "Internode Bytes Sent [{{server}}]",
          "refId": "B",
          "datasource": {
            "type": "prometheus",
            "uid": "${DS_PROMETHEUS}"
          }
        }
      ],
      "thresholds": [],
      "timeRegions": [],
      "title": "Internode Data Transfer",
      "tooltip": {
        "shared": true,
        "sort": 0,
        "value_type": "individual"
      },
      "type": "graph",
      "xaxis": {
        "mode": "time",
        "show": true,
        "values": []
      },
      "yaxes": [
        {
          "$$hashKey": "object:211",
          "format": "bytes",
          "logBase": 1,
          "show": true
        },
        {
          "$$hashKey": "object:212",
          "format": "s",
          "logBase": 1,
          "show": true
        }
      ],
      "yaxis": {
        "align": false
      }
    },
    {
      "aliasColors": {},
      "bars": false,
      "dashLength": 10,
      "dashes": false,
      "datasource": {
        "type": "prometheus",
        "uid": "${DS_PROMETHEUS}"
      },
      "fill": 1,
      "fillGradient": 0,
      "gridPos": {
        "h": 9,
        "w": 12,
        "x": 12,
        "y": 42
      },
      "hiddenSeries": false,
      "id": 84,
      "legend": {
        "avg": false,
        "current": false,
        "max": false,
        "min": false,
        "show": true,
        "total": false,
        "values": false
      },
      "lines": true,
      "linewidth": 1,
      "nullPointMode": "null",
      "options": {
        "alertThreshold": true
      },
      "percentage": false,
      "pluginVersion": "9.0.0",
      "pointradius": 2,
      "points": false,
      "renderer": "flot",
      "seriesOverrides": [],
      "spaceLength": 10,
      "stack": false,
      "steppedLine": false,
      "targets": [
        {
          "exemplar": true,
          "expr": "sum by (instance) (minio_heal_objects_heal_total{job=\"$scrape_jobs\"})",
          "interval": "",
          "legendFormat": "Objects healed in current self heal run",
          "refId": "A",
          "datasource": {
            "type": "prometheus",
            "uid": "${DS_PROMETHEUS}"
          }
        },
        {
          "exemplar": true,
          "expr": "sum by (instance) (minio_heal_objects_error_total{job=\"$scrape_jobs\"})",
          "hide": false,
          "interval": "",
          "legendFormat": "Heal errors in current self heal run",
          "refId": "B",
          "datasource": {
            "type": "prometheus",
            "uid": "${DS_PROMETHEUS}"
          }
        },
        {
          "exemplar": true,
          "expr": "sum by (instance) (minio_heal_objects_total{job=\"$scrape_jobs\"}) ",
          "hide": false,
          "interval": "",
          "legendFormat": "Objects scanned in current self heal run",
          "refId": "C",
          "datasource": {
            "type": "prometheus",
            "uid": "${DS_PROMETHEUS}"
          }
        }
      ],
      "thresholds": [],
      "timeRegions": [],
      "title": "Healing",
      "tooltip": {
        "shared": true,
        "sort": 0,
        "value_type": "individual"
      },
      "type": "graph",
      "xaxis": {
        "mode": "time",
        "show": true,
        "values": []
      },
      "yaxes": [
        {
          "$$hashKey": "object:846",
          "format": "short",
          "logBase": 1,
          "show": true
        },
        {
          "$$hashKey": "object:847",
          "format": "short",
          "logBase": 1,
          "show": true
        }
      ],
      "yaxis": {
        "align": false
      }
    },
    {
      "aliasColors": {},
      "bars": true,
      "dashLength": 10,
      "dashes": false,
      "datasource": {
        "type": "prometheus",
        "uid": "${DS_PROMETHEUS}"
      },
      "fill": 1,
      "fillGradient": 0,
      "gridPos": {
        "h": 9,
        "w": 12,
        "x": 0,
        "y": 51
      },
      "hiddenSeries": false,
      "id": 77,
      "legend": {
        "avg": false,
        "current": false,
        "max": false,
        "min": false,
        "show": true,
        "total": false,
        "values": false
      },
      "lines": true,
      "linewidth": 1,
      "nullPointMode": "null",
      "options": {
        "alertThreshold": true
      },
      "percentage": false,
      "pluginVersion": "9.0.0",
      "pointradius": 2,
      "points": false,
      "renderer": "flot",
      "seriesOverrides": [],
      "spaceLength": 10,
      "stack": false,
      "steppedLine": false,
      "targets": [
        {
          "exemplar": true,
          "expr": "rate(minio_node_process_cpu_total_seconds{job=\"$scrape_jobs\"}[$__rate_interval])",
          "interval": "",
          "legendFormat": "CPU Usage Rate [{{server}}]",
          "refId": "A",
          "datasource": {
            "type": "prometheus",
            "uid": "${DS_PROMETHEUS}"
          }
        }
      ],
      "thresholds": [],
      "timeRegions": [],
      "title": "Node CPU Usage",
      "tooltip": {
        "shared": true,
        "sort": 0,
        "value_type": "individual"
      },
      "type": "graph",
      "xaxis": {
        "mode": "time",
        "show": true,
        "values": []
      },
      "yaxes": [
        {
          "$$hashKey": "object:1043",
          "format": "none",
          "logBase": 1,
          "show": true
        },
        {
          "$$hashKey": "object:1044",
          "format": "short",
          "logBase": 1,
          "show": true
        }
      ],
      "yaxis": {
        "align": false
      }
    },
    {
      "aliasColors": {},
      "bars": false,
      "dashLength": 10,
      "dashes": false,
      "datasource": {
        "type": "prometheus",
        "uid": "${DS_PROMETHEUS}"
      },
      "fill": 1,
      "fillGradient": 0,
      "gridPos": {
        "h": 9,
        "w": 12,
        "x": 12,
        "y": 51
      },
      "hiddenSeries": false,
      "id": 76,
      "legend": {
        "avg": false,
        "current": false,
        "max": false,
        "min": false,
        "show": true,
        "total": false,
        "values": false
      },
      "lines": true,
      "linewidth": 1,
      "nullPointMode": "null",
      "options": {
        "alertThreshold": true
      },
      "percentage": false,
      "pluginVersion": "9.0.0",
      "pointradius": 2,
      "points": false,
      "renderer": "flot",
      "seriesOverrides": [],
      "spaceLength": 10,
      "stack": false,
      "steppedLine": false,
      "targets": [
        {
          "exemplar": true,
          "expr": "minio_node_process_resident_memory_bytes{job=\"$scrape_jobs\"}",
          "interval": "",
          "legendFormat": "Memory Used [{{server}}]",
          "refId": "A",
          "datasource": {
            "type": "prometheus",
            "uid": "${DS_PROMETHEUS}"
          }
        }
      ],
      "thresholds": [],
      "timeRegions": [],
      "title": "Node Memory Usage",
      "tooltip": {
        "shared": true,
        "sort": 0,
        "value_type": "individual"
      },
      "type": "graph",
      "xaxis": {
        "mode": "time",
        "show": true,
        "values": []
      },
      "yaxes": [
        {
          "$$hashKey": "object:1043",
          "format": "bytes",
          "logBase": 1,
          "show": true
        },
        {
          "$$hashKey": "object:1044",
          "format": "short",
          "logBase": 1,
          "show": true
        }
      ],
      "yaxis": {
        "align": false
      }
    },
    {
      "aliasColors": {},
      "bars": false,
      "dashLength": 10,
      "dashes": false,
      "datasource": {
        "type": "prometheus",
        "uid": "${DS_PROMETHEUS}"
      },
      "fill": 1,
      "fillGradient": 0,
      "gridPos": {
        "h": 8,
        "w": 12,
        "x": 0,
        "y": 60
      },
      "hiddenSeries": false,
      "id": 74,
      "legend": {
        "avg": false,
        "current": false,
        "max": false,
        "min": false,
        "show": true,
        "total": false,
        "values": false
      },
      "lines": true,
      "linewidth": 1,
      "nullPointMode": "null",
      "options": {
        "alertThreshold": true
      },
      "percentage": false,
      "pluginVersion": "9.0.0",
      "pointradius": 2,
      "points": false,
      "renderer": "flot",
      "seriesOverrides": [],
      "spaceLength": 10,
      "stack": false,
      "steppedLine": false,
      "targets": [
        {
          "exemplar": true,
          "expr": "minio_node_disk_used_bytes{job=\"$scrape_jobs\"}",
          "format": "time_series",
          "instant": false,
          "interval": "",
          "legendFormat": "Used Capacity [{{server}}:{{disk}}]",
          "refId": "A",
          "datasource": {
            "type": "prometheus",
            "uid": "${DS_PROMETHEUS}"
          }
        }
      ],
      "thresholds": [],
      "timeRegions": [],
      "title": "Drive Used Capacity",
      "tooltip": {
        "shared": true,
        "sort": 0,
        "value_type": "individual"
      },
      "type": "graph",
      "xaxis": {
        "mode": "time",
        "show": true,
        "values": []
      },
      "yaxes": [
        {
          "$$hashKey": "object:381",
          "format": "bytes",
          "logBase": 1,
          "show": true
        },
        {
          "$$hashKey": "object:382",
          "format": "short",
          "logBase": 1,
          "show": true
        }
      ],
      "yaxis": {
        "align": false
      }
    },
    {
      "aliasColors": {},
      "bars": false,
      "dashLength": 10,
      "dashes": false,
      "datasource": {
        "type": "prometheus",
        "uid": "${DS_PROMETHEUS}"
      },
      "fill": 1,
      "fillGradient": 0,
      "gridPos": {
        "h": 8,
        "w": 12,
        "x": 12,
        "y": 60
      },
      "hiddenSeries": false,
      "id": 82,
      "legend": {
        "avg": false,
        "current": false,
        "max": false,
        "min": false,
        "show": true,
        "total": false,
        "values": false
      },
      "lines": true,
      "linewidth": 1,
      "nullPointMode": "null",
      "options": {
        "alertThreshold": true
      },
      "percentage": false,
      "pluginVersion": "9.0.0",
      "pointradius": 2,
      "points": false,
      "renderer": "flot",
      "seriesOverrides": [],
      "spaceLength": 10,
      "stack": false,
      "steppedLine": false,
      "targets": [
        {
          "exemplar": true,
          "expr": "minio_cluster_disk_free_inodes{job=\"$scrape_jobs\"}",
          "format": "time_series",
          "instant": false,
          "interval": "",
          "legendFormat": "Free Inodes [{{server}}:{{disk}}]",
          "refId": "A",
          "datasource": {
            "type": "prometheus",
            "uid": "${DS_PROMETHEUS}"
          }
        }
      ],
      "thresholds": [],
      "timeRegions": [],
      "title": "Drives Free Inodes",
      "tooltip": {
        "shared": true,
        "sort": 0,
        "value_type": "individual"
      },
      "type": "graph",
      "xaxis": {
        "mode": "time",
        "show": true,
        "values": []
      },
      "yaxes": [
        {
          "$$hashKey": "object:381",
          "format": "none",
          "logBase": 1,
          "show": true
        },
        {
          "$$hashKey": "object:382",
          "format": "short",
          "logBase": 1,
          "show": true
        }
      ],
      "yaxis": {
        "align": false
      }
    },
    {
      "aliasColors": {
        "Offline 10.13.1.25:9000": "dark-red",
        "Total 10.13.1.25:9000": "blue"
      },
      "bars": true,
      "dashLength": 10,
      "dashes": false,
      "datasource": {
        "type": "prometheus",
        "uid": "${DS_PROMETHEUS}"
      },
      "description": "Number of online disks per MinIO Server",
      "fieldConfig": {
        "defaults": {
          "links": []
        },
        "overrides": []
      },
      "fill": 1,
      "fillGradient": 0,
      "gridPos": {
        "h": 9,
        "w": 12,
        "x": 0,
        "y": 68
      },
      "hiddenSeries": false,
      "id": 11,
      "legend": {
        "avg": false,
        "current": false,
        "max": false,
        "min": false,
        "rightSide": false,
        "show": true,
        "total": false,
        "values": false
      },
      "lines": false,
      "linewidth": 1,
      "links": [],
      "nullPointMode": "null",
      "options": {
        "alertThreshold": true
      },
      "percentage": false,
      "pluginVersion": "9.0.0",
      "pointradius": 2,
      "points": false,
      "renderer": "flot",
      "seriesOverrides": [],
      "spaceLength": 10,
      "stack": false,
      "steppedLine": false,
      "targets": [
        {
          "exemplar": true,
          "expr": "rate(minio_node_syscall_read_total{job=\"$scrape_jobs\"}[$__rate_interval])",
          "format": "time_series",
          "interval": "",
          "intervalFactor": 2,
          "legendFormat": "Read Syscalls [{{server}}]",
          "metric": "process_start_time_seconds",
          "refId": "A",
          "step": 60,
          "datasource": {
            "type": "prometheus",
            "uid": "${DS_PROMETHEUS}"
          }
        },
        {
          "exemplar": true,
          "expr": "rate(minio_node_syscall_write_total{job=\"$scrape_jobs\"}[$__rate_interval])",
          "interval": "",
          "legendFormat": "Write Syscalls [{{server}}]",
          "refId": "B",
          "datasource": {
            "type": "prometheus",
            "uid": "${DS_PROMETHEUS}"
          }
        }
      ],
      "thresholds": [],
      "timeRegions": [],
      "title": "Node Syscalls",
      "tooltip": {
        "shared": true,
        "sort": 0,
        "value_type": "individual"
      },
      "type": "graph",
      "xaxis": {
        "mode": "time",
        "show": true,
        "values": []
      },
      "yaxes": [
        {
          "$$hashKey": "object:185",
          "decimals": 0,
          "format": "short",
          "logBase": 1,
          "min": "0",
          "show": true
        },
        {
          "$$hashKey": "object:186",
          "format": "short",
          "logBase": 1,
          "show": true
        }
      ],
      "yaxis": {
        "align": false
      }
    },
    {
      "aliasColors": {
        "available 10.13.1.25:9000": "green",
        "used 10.13.1.25:9000": "blue"
      },
      "bars": false,
      "dashLength": 10,
      "dashes": false,
      "datasource": {
        "type": "prometheus",
        "uid": "${DS_PROMETHEUS}"
      },
      "description": "",
      "fieldConfig": {
        "defaults": {
          "links": []
        },
        "overrides": []
      },
      "fill": 1,
      "fillGradient": 0,
      "gridPos": {
        "h": 9,
        "w": 12,
        "x": 12,
        "y": 68
      },
      "hiddenSeries": false,
      "id": 8,
      "legend": {
        "avg": false,
        "current": false,
        "max": false,
        "min": false,
        "rightSide": false,
        "show": true,
        "total": false,
        "values": false
      },
      "lines": true,
      "linewidth": 1,
      "links": [],
      "nullPointMode": "null",
      "options": {
        "alertThreshold": true
      },
      "percentage": false,
      "pluginVersion": "9.0.0",
      "pointradius": 2,
      "points": false,
      "renderer": "flot",
      "seriesOverrides": [],
      "spaceLength": 10,
      "stack": false,
      "steppedLine": false,
      "targets": [
        {
          "exemplar": true,
          "expr": "minio_node_file_descriptor_open_total{job=\"$scrape_jobs\"}",
          "interval": "",
          "legendFormat": "Open FDs [{{server}}]",
          "refId": "B",
          "datasource": {
            "type": "prometheus",
            "uid": "${DS_PROMETHEUS}"
          }
        }
      ],
      "thresholds": [],
      "timeRegions": [],
      "title": "Node File Descriptors",
      "tooltip": {
        "shared": true,
        "sort": 0,
        "value_type": "individual"
      },
      "type": "graph",
      "xaxis": {
        "mode": "time",
        "show": true,
        "values": []
      },
      "yaxes": [
        {
          "$$hashKey": "object:212",
          "format": "none",
          "logBase": 1,
          "min": "0",
          "show": true
        },
        {
          "$$hashKey": "object:213",
          "format": "none",
          "logBase": 1,
          "min": "0",
          "show": true
        }
      ],
      "yaxis": {
        "align": false
      }
    },
    {
      "aliasColors": {},
      "bars": true,
      "dashLength": 10,
      "dashes": false,
      "datasource": {
        "type": "prometheus",
        "uid": "${DS_PROMETHEUS}"
      },
      "fill": 1,
      "fillGradient": 0,
      "gridPos": {
        "h": 7,
        "w": 24,
        "x": 0,
        "y": 77
      },
      "hiddenSeries": false,
      "id": 73,
      "legend": {
        "avg": false,
        "current": false,
        "max": false,
        "min": false,
        "show": true,
        "total": false,
        "values": false
      },
      "lines": true,
      "linewidth": 1,
      "nullPointMode": "null",
      "options": {
        "alertThreshold": true
      },
      "percentage": false,
      "pluginVersion": "9.0.0",
      "pointradius": 2,
      "points": false,
      "renderer": "flot",
      "seriesOverrides": [],
      "spaceLength": 10,
      "stack": false,
      "steppedLine": false,
      "targets": [
        {
          "exemplar": true,
          "expr": "rate(minio_node_io_rchar_bytes{job=\"$scrape_jobs\"}[$__rate_interval])",
          "format": "time_series",
          "instant": false,
          "interval": "",
          "legendFormat": "Node RChar [{{server}}]",
          "refId": "A",
          "datasource": {
            "type": "prometheus",
            "uid": "${DS_PROMETHEUS}"
          }
        },
        {
          "exemplar": true,
          "expr": "rate(minio_node_io_wchar_bytes{job=\"$scrape_jobs\"}[$__rate_interval])",
          "interval": "",
          "legendFormat": "Node WChar [{{server}}]",
          "refId": "B",
          "datasource": {
            "type": "prometheus",
            "uid": "${DS_PROMETHEUS}"
          }
        }
      ],
      "thresholds": [],
      "timeRegions": [],
      "title": "Node IO",
      "tooltip": {
        "shared": true,
        "sort": 0,
        "value_type": "individual"
      },
      "type": "graph",
      "xaxis": {
        "mode": "time",
        "show": true,
        "values": []
      },
      "yaxes": [
        {
          "$$hashKey": "object:381",
          "format": "bytes",
          "logBase": 1,
          "show": true
        },
        {
          "$$hashKey": "object:382",
          "format": "short",
          "logBase": 1,
          "show": true
        }
      ],
      "yaxis": {
        "align": false
      }
    }
  ],
  "refresh": false,
  "schemaVersion": 36,
  "style": "dark",
  "tags": [
    "minio"
  ],
  "templating": {
    "list": [
      {
        "current": {},
        "datasource": {
          "type": "prometheus",
          "uid": "${DS_PROMETHEUS}"
        },
        "definition": "label_values(job)",
        "hide": 0,
        "includeAll": true,
        "multi": true,
        "name": "scrape_jobs",
        "options": [],
        "query": {
          "query": "label_values(job)",
          "refId": "StandardVariableQuery"
        },
        "refresh": 1,
        "regex": "",
        "skipUrlSync": false,
        "sort": 0,
        "type": "query"
      }
    ]
  },
  "time": {
    "from": "now-6h",
    "to": "now"
  },
  "timepicker": {
    "refresh_intervals": [
      "10s",
      "30s",
      "1m",
      "5m",
      "15m",
      "30m",
      "1h",
      "2h",
      "1d"
    ],
    "time_options": [
      "5m",
      "15m",
      "1h",
      "6h",
      "12h",
      "24h",
      "2d",
      "7d",
      "30d"
    ]
  },
  "timezone": "",
  "title": "MinIO Dashboard",
  "uid": "TgmJnqnnk",
  "version": 5,
  "weekStart": ""
}
